{"_runtime":1626,"retrained/retain_acc":0.43522222222222223,"original/epoch":50,"retrained/relearn_iters":2,"retrained/mia_score":[0.504,0.501,0.514,0.535,0.507],"retrained/forget_acc":0.4232,"_timestamp":1.771868231783951e+09,"_wandb":{"runtime":1626},"original/dss_acc":0.43566666666666665,"_step":103,"original/forget_acc":0.4324,"retrained/epoch":50,"retrained/dss_acc":0.437,"original/test_acc":0.4292,"original/retain_acc":0.43951111111111113,"retrained/train_acc":0.43402,"retrained/test_acc":0.4368,"original/train_acc":0.4388}